{
  "name": "f_11",
  "real_action": "010",
  "change_direction": 0,
  "desired_speed": 27,
  "ego_obj": {
    "ego_a": 0.37265267968177795,
    "lane_id": 0,
    "ego_v": 17.050079695847774,
    "ego_length": 4.886,
    "ego_s": 0.0
  },
  "lanes_objs": [
    {
      "cars": [],
      "lane_id": 1
    },
    {
      "cars": [
        {
          "car_length": 10.768580436706543,
          "car_s": 32.02252071224197,
          "car_v": 16.977460680818748,
          "car_a": 0.18727320443769213
        },
        {
          "car_length": 9.397032737731934,
          "car_s": -74.56523757662578,
          "car_v": 17.060235827742982,
          "car_a": 0.2659947550929412
        }
      ],
      "lane_id": 0
    },
    {
      "cars": [
        {
          "car_length": 4.391981601715088,
          "car_s": 73.42035229250442,
          "car_v": 32.0869653619731,
          "car_a": 0.17646721074445834
        }
      ],
      "lane_id": -1
    }
  ],
  "label_action": [
    "LK"
  ]
}