{
  "name": "f_18",
  "real_action": "010",
  "change_direction": 0,
  "desired_speed": 27,
  "ego_obj": {
    "ego_s": 0.0,
    "ego_v": 24.914828847854945,
    "lane_id": 0,
    "ego_length": 4.886,
    "ego_a": 0.21574629843235016
  },
  "lanes_objs": [
    {
      "cars": [],
      "lane_id": 1
    },
    {
      "cars": [
        {
          "car_length": 4.421724319458008,
          "car_v": 21.73318839661207,
          "car_a": 0.28600717362870715,
          "car_s": 81.07273417152055
        }
      ],
      "lane_id": 0
    },
    {
      "cars": [],
      "lane_id": -1
    }
  ]
}