{
  "name": "case10",
  "real_action": "010",
  "change_direction": 0,
  "desired_speed": 22,
  "ego_obj": {
    "ego_s": 0.0,
    "ego_v": 24.637666481858886,
    "lane_id": 0,
    "ego_length": 4.886,
    "ego_a": 0.31381282210350037
  },
  "lanes_objs": [
    {
      "cars": [
        {
          "car_length": 4.367304801940918,
          "car_v": 14.66699051265033,
          "car_a": 0.05942155540357528,
          "car_s": 60.6833745984747
        }
      ],
      "lane_id": 1
    },
    {
      "cars": [
        {
          "car_length": 10.040901184082031,
          "car_v": 15.38697446148505,
          "car_a": 0.040000332783366885,
          "car_s": 46.64690937461336
        }
      ],
      "lane_id": 0
    },
    {
      "cars": [
        {
          "car_length": 4.582730770111084,
          "car_v": 24.31942692061724,
          "car_a": 0.6481134293066843,
          "car_s": 40.440871935610886
        },
        {
          "car_length": 4.355993747711182,
          "car_v": 20.520540582560997,
          "car_a": 0.07280156236097628,
          "car_s": 88.73636162403491
        }
      ],
      "lane_id": -1
    }
  ]
}